corridor_id,screening_class,historical_length_m,routable_corridor,active_access_points,proximity_access_points,unsafe_major_crossing,near_existing_road_fraction,parallel_existing_road_fraction,max_detour_saved_m,max_detour_ratio,composite_utility,benefit_strategic_transport,benefit_metro,benefit_train,benefit_underserved_destinations,benefit_jobs_services
1,unconnected,820.0713573314641,False,0,0,False,0.0,,,,,,,,,
2,unconnected,439.29736403274416,False,0,0,False,0.0,,,,,,,,,
3,unconnected,144.19391227376286,False,0,0,False,0.0,,,,,,,,,
4,unconnected,677.3452370710019,False,0,0,False,0.0,,,,,,,,,
5,other,269.37174085633563,True,2,0,False,0.23578906481017137,0.2962962962962963,11.110544989747847,1.4621886825254686,0.0,0.0,0.0,0.0,0.0,0.0
6,unconnected,815.4008002775623,False,0,0,False,0.0,,,,,,,,,
7,unconnected,388.67533745172625,False,0,0,False,0.0,,,,,,,,,
8,parallel,262.8506341352545,True,2,0,False,0.3464240949240412,0.8461538461538461,0.0,0.0,0.0,0.0,0.0,0.0,0.0,0.0
9,unconnected,587.5426065926548,False,0,0,False,0.0,,,,,,,,,
10,unconnected,762.0310145289983,False,0,0,False,0.0,,,,,,,,,
11,unconnected,292.0436822833931,False,0,0,False,0.0,,,,,,,,,
12,unconnected,310.5208800503941,False,0,0,False,0.0,,,,,,,,,
13,unconnected,557.6594913554995,False,1,0,False,0.01728418979200954,,,,,,,,,
14,other,257.7903024444691,True,2,0,False,0.16707006871603658,0.0,0.0,0.0,0.0,0.0,0.0,0.0,0.0,0.0
15,unconnected,386.1414060354696,False,0,0,False,0.0,,,,,,,,,
16,unconnected,843.2780855112712,False,0,0,False,0.0,,,,,,,,,
17,other,340.8954105130495,True,2,1,False,0.10173642470980425,0.2058823529411764,15.03009042687198,1.2851633850721602,0.0,0.0,0.0,0.0,0.0,0.0
18,unconnected,497.43665509356896,False,0,0,False,0.0,,,,,,,,,
19,unconnected,100.61111231013378,False,0,0,False,0.0,,,,,,,,,
20,unconnected,662.1233063401603,False,0,0,False,0.0,,,,,,,,,
21,unconnected,2.589845561709029,False,0,0,False,0.0,,,,,,,,,
22,unconnected,358.77024847127154,False,0,0,False,0.0,,,,,,,,,
23,unconnected,27.334624611992865,False,0,0,False,0.0,,,,,,,,,
24,unconnected,691.3234027703019,False,1,0,False,0.00033030289558588907,,,,,,,,,
25,unconnected,721.0343337898973,False,1,0,True,0.0,,,,,,,,,
26,crossing_review,579.0490283915525,True,2,0,True,0.0560352620972335,0.0,301.683905312261,27.211386498969677,0.0387258014058868,322.47402369180634,161.23701184590348,161.23701184590283,7482.288847343992,0.0
27,unconnected,174.10612732626336,False,1,0,True,0.09878228898591403,,,,,,,,,
28,unconnected,61.353793589597345,False,0,0,False,0.0,,,,,,,,,
29,unconnected,525.1111469257925,False,0,0,False,0.0,,,,,,,,,
30,unconnected,185.8224733423853,False,1,0,False,0.1680297898751745,,,,,,,,,
31,unconnected,335.3977489224345,False,1,1,False,0.0,,,,,,,,,
32,unconnected,183.43068658897573,False,0,0,False,0.0,,,,,,,,,
33,unconnected,324.4540181708938,False,0,0,False,0.0,,,,,,,,,
34,unconnected,35.67050610124119,False,0,0,False,0.0,,,,,,,,,
35,unconnected,73.93294076629942,False,1,0,False,0.24411836050930838,,,,,,,,,
36,unconnected,218.04586515360603,False,0,0,False,0.0,,,,,,,,,
37,other,264.4955945840768,True,3,0,False,0.13925941857609156,0.1538461538461538,57.97593655411963,5.9321609383199805,0.0,0.0,0.0,0.0,0.0,0.0
38,unconnected,138.6082993740402,False,1,0,False,0.14294926847774203,,,,,,,,,
39,unconnected,951.9824687973357,False,0,0,False,0.0,,,,,,,,,
40,unconnected,431.23410025185274,False,0,0,False,0.0,,,,,,,,,
41,unconnected,277.31870224117756,False,0,0,False,0.0,,,,,,,,,
42,other,298.71396690061516,True,3,1,False,0.2352338361078137,0.4666666666666667,0.0,0.9841993061309022,0.0,0.0,0.0,0.0,0.0,0.0
43,unconnected,171.21395152415494,False,0,0,False,0.0,,,,,,,,,
44,unconnected,115.20444203493047,False,1,0,False,0.03825859365715266,,,,,,,,,
45,unconnected,406.8294886430351,False,0,0,False,0.0,,,,,,,,,
46,unconnected,171.37999035791177,False,1,0,False,0.010578019095992054,,,,,,,,,
47,unconnected,66.5863486264921,False,0,0,False,0.0,,,,,,,,,
48,unconnected,120.42587627437895,False,0,0,False,0.0,,,,,,,,,
49,unconnected,302.94845064248426,False,1,0,False,0.0,,,,,,,,,
50,unconnected,509.56690574390166,False,0,0,False,0.08785202817888992,,,,,,,,,
51,other,585.0798762511321,True,2,0,False,0.2292882310183804,0.288135593220339,0.0,0.7878902058252206,0.0,0.0,0.0,0.0,0.0,0.0
52,other,149.23772924514702,True,2,1,False,0.1968888905245306,0.2,7.921447170778549,1.2433371841526266,0.0,0.0,0.0,0.0,0.0,0.0
53,unconnected,964.8464798261821,False,0,0,False,0.0,,,,,,,,,
54,other,472.94835786768516,True,2,1,True,0.014085786365363782,0.0,21.283443232330644,2.134792921608874,0.0021719380552163,261.8929504878376,261.8929504878376,0.0,0.0,0.0
55,unconnected,383.4522839054265,False,0,0,False,0.0,,,,,,,,,
56,unconnected,500.1960956815759,False,0,0,False,0.0,,,,,,,,,
57,unconnected,2.4391921256696705,False,1,0,False,0.0,,,,,,,,,
58,unconnected,11.68333699684376,False,1,0,False,0.262918695919163,,,,,,,,,
59,parallel,145.18634050476822,True,3,2,False,0.20054573511397436,1.0,30.02543984703442,1.2412247615269167,0.0013993145122222,85.0636430594081,42.53182152970503,42.531821529703066,42.531821529703066,42.531821529702086
60,unconnected,119.5819582050396,False,0,0,False,0.0,,,,,,,,,
61,unconnected,185.03589835797797,False,0,0,False,0.0,,,,,,,,,
62,unconnected,370.0009341151239,False,0,0,False,0.0,,,,,,,,,
63,unconnected,104.36059547476744,False,0,0,False,0.0,,,,,,,,,
64,other,346.92487147878734,True,4,1,False,0.1285097831676692,0.0,91.31734337290668,1.8630009851234488,0.0,0.0,0.0,0.0,0.0,0.0
65,unconnected,35.51225852562245,False,0,0,False,0.0,,,,,,,,,
66,unconnected,242.49839426695374,False,0,0,False,0.0,,,,,,,,,
67,unconnected,69.08024405928576,False,1,1,False,0.0,,,,,,,,,
68,unconnected,173.24987823505316,False,1,0,False,0.08695636469720772,,,,,,,,,
69,unconnected,152.87080890653448,False,1,0,False,0.0,,,,,,,,,
70,unconnected,125.82455194936318,False,1,0,False,0.0,,,,,,,,,
71,unconnected,20.641329943997047,False,0,0,False,0.0,,,,,,,,,
72,unconnected,201.2453747090895,False,0,0,False,0.0,,,,,,,,,
73,other,301.8184823872616,True,2,0,False,0.17655987565281892,0.2666666666666666,10.736329691135545,1.3670196552516698,0.0,0.0,0.0,0.0,0.0,0.0
74,unconnected,523.1914919597269,False,1,1,False,0.0,,,,,,,,,
75,unconnected,139.94810752114722,False,1,0,True,0.07918689000040684,,,,,,,,,
76,other,836.6364013951567,True,2,0,True,0.025919136618262725,0.0119047619047619,0.0,0.0,0.0,0.0,0.0,0.0,0.0,0.0
77,unconnected,75.1166790285674,False,1,0,False,0.11419012521896713,,,,,,,,,
78,unconnected,339.73865914828536,False,0,0,False,0.0,,,,,,,,,
79,other,47.8950265316089,True,2,1,False,0.40778025252485567,0.0,10.289296961474651,1.582775580370933,0.0,0.0,0.0,0.0,0.0,0.0
80,unconnected,49.76428702088138,False,1,0,False,0.25006184538448273,,,,,,,,,
81,unconnected,76.82560198640742,False,0,0,False,0.0,,,,,,,,,
82,unconnected,299.6988253219913,False,0,0,False,0.0,,,,,,,,,
83,unconnected,592.4527774056971,False,0,0,False,0.0,,,,,,,,,
84,other,117.33929096367476,True,2,1,False,0.09244846528925876,0.0,0.0,0.0,0.0,0.0,0.0,0.0,0.0,0.0
85,other,333.8847282741136,True,2,1,True,0.04127283173590837,0.0909090909090909,1.268048663452138,1.0790855236217525,0.0,0.0,0.0,0.0,0.0,0.0
86,unconnected,585.3748210067212,False,0,0,False,0.0,,,,,,,,,
87,unconnected,82.61334598530291,False,0,0,False,0.0,,,,,,,,,
88,unconnected,25.985212321778263,False,0,0,False,0.0,,,,,,,,,
89,unconnected,449.834907101005,False,1,0,False,1.8926106198189665e-05,,,,,,,,,
90,parallel,340.50260580412015,True,4,3,False,0.035554882853862414,0.7058823529411765,11.373678379570832,1.0690847766759792,0.0,0.0,0.0,0.0,0.0,0.0
91,unconnected,293.1496646854231,False,0,0,False,0.0,,,,,,,,,
92,unconnected,405.34922066807366,False,0,0,False,0.0,,,,,,,,,
93,unconnected,341.06856022172354,False,0,0,False,0.0,,,,,,,,,
94,unconnected,447.73752207327294,False,0,0,False,0.0,,,,,,,,,
95,unconnected,54.63327727897067,False,0,0,False,0.0,,,,,,,,,
96,unconnected,118.2371303170739,False,0,0,False,0.0,,,,,,,,,
97,unconnected,337.680507236765,False,0,0,False,0.0,,,,,,,,,
98,unconnected,218.19467277204836,False,0,0,False,0.0,,,,,,,,,
99,unconnected,583.7733124063335,False,1,0,True,0.048261623803098154,,,,,,,,,
100,unconnected,79.15187684678853,False,0,0,False,0.0,,,,,,,,,
101,unconnected,635.5554550488849,False,0,0,False,0.0,,,,,,,,,
102,unconnected,85.80975765482586,False,0,0,False,0.0,,,,,,,,,
103,unconnected,115.07274236189676,False,0,0,False,0.0,,,,,,,,,
104,parallel,58.1018060886736,True,2,1,False,0.25479114278023246,0.6666666666666666,0.0,0.8347514427323577,0.0,0.0,0.0,0.0,0.0,0.0
105,unconnected,418.6054839704577,False,0,0,False,0.0,,,,,,,,,
106,unconnected,398.27060116695066,False,0,0,False,0.0,,,,,,,,,
107,unconnected,1157.2295855557122,False,0,0,False,0.0,,,,,,,,,
108,unconnected,21.237144513532233,False,0,0,False,0.0,,,,,,,,,
109,unconnected,1450.721980291962,False,0,0,False,0.0,,,,,,,,,
110,unconnected,54.70757577851339,False,0,0,False,0.0,,,,,,,,,
111,unconnected,107.39513208488643,False,0,0,False,0.0,,,,,,,,,
112,unconnected,515.857885044203,False,0,0,False,0.0,,,,,,,,,
113,unconnected,137.14082098000935,False,0,0,False,0.0,,,,,,,,,
114,unconnected,112.70280016764444,False,0,0,False,0.0,,,,,,,,,
115,crossing_review,970.23635938581,True,4,1,True,0.10104113946394992,0.1649484536082474,1395.281617626655,2.524684175531749,0.0086144163316754,640.5192496510533,320.2596248255288,320.2596248255246,0.0,296.0105533254192
116,unconnected,714.2352781892679,False,0,0,False,0.0,,,,,,,,,
117,unconnected,557.4057128429432,False,1,0,True,0.0013242223664920777,,,,,,,,,
118,unconnected,346.24477429463667,False,0,0,False,0.0,,,,,,,,,
119,unconnected,392.1924845831985,False,0,0,False,0.0,,,,,,,,,
120,unconnected,21.29056602713902,False,0,0,False,0.0,,,,,,,,,
121,parallel,44.205951458274235,True,2,1,False,0.12476784601536314,1.0,3.860843998088594,1.178813353002298,0.0,0.0,0.0,0.0,0.0,0.0
122,unconnected,186.60356477906993,False,0,0,False,0.0,,,,,,,,,
123,unconnected,603.525832599111,False,1,0,False,0.05362623323869061,,,,,,,,,
124,unconnected,3.377510977482957,False,0,0,False,0.0,,,,,,,,,
125,other,642.1541537478504,True,2,1,False,0.051945854981493934,0.15625,3.1161548842867006,1.056030221915825,0.0,0.0,0.0,0.0,0.0,0.0
126,unconnected,71.52044982437567,False,1,0,False,0.047689758919236276,,,,,,,,,
127,unconnected,123.79382104479245,False,0,0,False,0.0,,,,,,,,,
128,unconnected,176.59635300192707,False,1,0,False,0.03094579873736462,,,,,,,,,
129,parallel,157.30747497378738,True,5,3,False,0.01297516544817869,1.0,14.023586509180262,1.2242327391767116,0.0,0.0,0.0,0.0,0.0,0.0
130,unconnected,368.64200553798463,False,1,0,False,0.0,,,,,,,,,
131,unconnected,174.20930706877283,False,0,0,False,0.0,,,,,,,,,
132,unconnected,64.40489228942275,False,0,0,False,0.0,,,,,,,,,
133,unconnected,188.9646442784472,False,0,0,False,0.0,,,,,,,,,
134,unconnected,533.592642013148,False,1,0,True,0.038873511251329144,,,,,,,,,
135,crossing_review,505.4193340890233,True,5,2,True,0.23259742637782596,0.2745098039215686,103.52141802935824,1.2363019780411344,0.0066693378228228,291.6891628409413,145.8445814204694,145.8445814204719,241.3405830721049,241.34058307210543
136,unconnected,334.79339908605846,False,0,0,False,0.0,,,,,,,,,
137,unconnected,389.4012552296824,False,0,0,False,0.0,,,,,,,,,
138,unconnected,210.08525067293263,False,0,0,False,0.0,,,,,,,,,
139,unconnected,26.21140825774347,False,0,0,False,0.0,,,,,,,,,
140,unconnected,101.80801637534813,False,0,0,False,0.0,,,,,,,,,
141,unconnected,116.67830194829627,False,0,0,False,0.0,,,,,,,,,
142,unconnected,327.1812843971409,False,0,0,False,0.0,,,,,,,,,
143,unconnected,270.0042915188064,False,0,0,False,0.0,,,,,,,,,
144,unconnected,273.80452282281493,False,0,0,False,0.0,,,,,,,,,
145,unconnected,1052.3331114443997,False,0,0,False,0.0,,,,,,,,,
146,parallel,39.83911407940719,True,2,1,False,0.7503456700141963,1.0,0.0,0.9675047814964168,0.0,0.0,0.0,0.0,0.0,0.0
147,unconnected,671.9344116693154,False,1,0,True,0.01220925740552983,,,,,,,,,
148,unconnected,417.79512440686676,False,0,0,False,0.0,,,,,,,,,
149,unconnected,207.86934036127911,False,1,0,False,0.0,,,,,,,,,
150,unconnected,400.7249508634592,False,0,0,False,0.0,,,,,,,,,
151,unconnected,292.5756421505256,False,0,0,False,0.0,,,,,,,,,
152,unconnected,449.22986986860946,False,0,0,False,0.0,,,,,,,,,
153,unconnected,287.5900274756955,False,0,0,False,0.0,,,,,,,,,
154,unconnected,805.7868140696098,False,0,0,False,0.0,,,,,,,,,
155,unconnected,123.16512781681286,False,0,0,False,0.0,,,,,,,,,
156,unconnected,401.4357248532891,False,1,1,False,0.04737527355126785,,,,,,,,,
157,unconnected,113.33796283955066,False,1,0,False,0.012845995785383098,,,,,,,,,
158,unconnected,1174.5992804292446,False,0,0,False,0.0,,,,,,,,,
159,unconnected,24.110967126355785,False,1,0,False,0.9590281560920868,,,,,,,,,
160,unconnected,282.0160111695205,False,0,0,False,0.0,,,,,,,,,
161,unconnected,163.2789873129681,False,1,0,False,0.046505849191945926,,,,,,,,,
162,unconnected,330.57354995585234,False,0,0,False,0.0,,,,,,,,,
163,unconnected,45.403922821166006,False,0,0,False,0.0,,,,,,,,,
164,unconnected,232.74946315276605,False,0,0,False,0.0,,,,,,,,,
165,unconnected,760.5568257760763,False,1,0,False,0.0,,,,,,,,,
166,other,121.0705458550921,True,2,1,False,0.0808153248772272,0.4166666666666667,7.903189980273119,1.1756939364263177,0.0,0.0,0.0,0.0,0.0,0.0
167,unconnected,338.45427123531744,False,0,0,False,0.0,,,,,,,,,
168,other,188.07081983639884,True,2,0,True,0.12110152845394487,0.2105263157894736,0.0,0.8026262084375643,0.0,0.0,0.0,0.0,0.0,0.0
169,unconnected,199.08435292553995,False,1,0,False,0.03879855552042868,,,,,,,,,
170,other,282.09911146464395,True,3,2,False,0.07494725450706737,0.1428571428571428,0.5003855685283298,1.033663180821354,0.0,0.0,0.0,0.0,0.0,0.0
171,parallel,166.15258346158225,True,2,0,False,0.33512929053804835,1.0,159.24014832557964,1.9976014271428488,0.0,0.0,0.0,0.0,0.0,0.0
172,unconnected,194.3460846038365,False,0,0,False,0.0,,,,,,,,,
173,unconnected,514.7112126341679,False,1,0,False,0.05722352670406442,,,,,,,,,
174,unconnected,25.525001500581627,False,0,0,False,0.0,,,,,,,,,
175,parallel,108.8330892988946,True,2,0,False,0.6335531043144947,1.0,0.0,0.8310486057510448,0.0,0.0,0.0,0.0,0.0,0.0
176,unconnected,411.974840937039,False,1,0,False,0.05277617344252593,,,,,,,,,
177,unconnected,39.82863450460007,False,0,0,False,0.0,,,,,,,,,
178,unconnected,16.06306624020568,False,0,0,False,0.0,,,,,,,,,
179,unconnected,187.49573736430534,False,1,1,False,0.07895085144798797,,,,,,,,,
180,parallel,489.39038445366043,True,9,7,False,0.13015717693693987,0.6530612244897959,1735.682858885733,9.948194435190466,0.0187692622867813,880.0178623866416,784.7369709390254,95.28089144761628,2410.251312706944,0.0
181,unconnected,55.191966523416454,False,0,0,False,0.0,,,,,,,,,
182,other,304.945488515493,True,2,1,False,0.07059790282649779,0.0,3.036614486804865,1.3146581701632398,0.0,0.0,0.0,0.0,0.0,0.0
183,parallel,229.02129226003515,True,6,3,True,0.3544855161533571,0.782608695652174,1306.7915649734734,38.898631742880966,0.1996444324188739,2594.7989120936627,2536.7584415202464,58.04047057341617,33172.117217179744,1097.7544272978832
184,unconnected,188.93778783991272,False,0,0,False,0.0,,,,,,,,,
185,parallel,776.3925649074142,True,3,1,False,0.26350260961436694,0.7435897435897436,2577.796581203862,7.247739534145283,0.1501956085661552,29773.26180317468,270.71880002453935,29502.543003150146,0.0,0.0
186,parallel,30.41996557116549,True,2,0,False,0.6688826690235645,1.0,0.0,0.6580360446215724,0.0,0.0,0.0,0.0,0.0,0.0
187,other,873.1952572679376,True,2,1,False,0.0,0.057471264367816,24.76201593223778,1.6541213863152335,0.0,0.0,0.0,0.0,0.0,0.0
188,other,163.351849412719,True,2,0,False,0.21999766776277746,0.125,0.0,0.8491349259120536,0.0,0.0,0.0,0.0,0.0,0.0
189,unconnected,167.74257560299543,False,0,0,False,0.0,,,,,,,,,
190,unconnected,113.2279857544265,False,0,0,False,0.0,,,,,,,,,
191,unconnected,192.91249283147437,False,0,0,False,0.0,,,,,,,,,
192,unconnected,749.1198110891121,False,0,0,False,0.0,,,,,,,,,
193,unconnected,183.99193648382547,False,1,0,False,0.0,,,,,,,,,
194,parallel,126.2179197345785,True,5,2,False,0.8350920412476914,0.9230769230769232,224.60397140557197,3.541983352870341,0.0105363597509918,111.25066338567872,55.62533169283937,55.62533169283937,0.0,666.2440492668893
195,unconnected,353.7959252502949,False,1,0,False,0.23989194598371996,,,,,,,,,
196,unconnected,219.23313510173068,False,0,0,False,0.0,,,,,,,,,
197,unconnected,117.7426960864195,False,0,0,False,0.0,,,,,,,,,
198,unconnected,40.1150510208808,False,0,0,False,0.0,,,,,,,,,
199,unconnected,350.6316308331276,False,0,0,False,0.0,,,,,,,,,
200,unconnected,224.41901361212672,False,1,0,False,0.0737542826421672,,,,,,,,,
201,unconnected,197.81885931699105,False,0,0,False,0.0,,,,,,,,,
202,parallel,340.0760262101808,True,3,1,False,0.3287598146638601,1.0,0.0,0.929214410691618,0.0,0.0,0.0,0.0,0.0,0.0
203,unconnected,386.71412724947857,False,1,0,False,0.048312696473887924,,,,,,,,,
204,parallel,395.7355657526178,True,6,2,False,0.7180282339069525,0.9,82.45829188625311,1.9341352819090751,0.0198793379465332,2399.0437606507708,2394.016932003747,5.026828647023588,0.0,0.0
205,unconnected,144.51538055543344,False,0,0,False,0.0,,,,,,,,,
206,other,386.9698561448523,True,2,0,False,0.05726277722456473,0.1025641025641025,0.0,0.905078431618316,0.0,0.0,0.0,0.0,0.0,0.0
207,other,456.45659345276397,True,2,1,False,0.09039450397462677,0.1521739130434782,21.518936501340384,1.3499761661664875,0.0,0.0,0.0,0.0,0.0,0.0
208,unconnected,92.0490800552692,False,0,0,False,0.0,,,,,,,,,
209,unconnected,284.17360931920445,False,0,0,False,0.0,,,,,,,,,
210,unconnected,107.21730701623527,False,0,0,False,0.0,,,,,,,,,
211,unconnected,28.62275499032452,False,1,0,False,0.4902297632553152,,,,,,,,,
212,other,55.01548882255565,True,2,1,False,0.648779949446451,0.5,7.44961513339387,1.2588339202974697,0.0,0.0,0.0,0.0,0.0,0.0
213,unconnected,365.684418881914,False,0,0,False,0.0,,,,,,,,,
214,parallel,297.5777348121433,True,2,2,False,0.18635276433441078,0.6333333333333333,0.0,0.8471790122527174,0.0009847746748555,118.7444294482616,118.7444294482616,0.0,0.0,0.0
215,other,59.24820209944967,True,2,1,False,0.39236676280880034,0.0,0.3953043940885123,1.009416761665131,0.0,0.0,0.0,0.0,0.0,0.0
216,unconnected,115.40017393899404,False,1,0,False,0.1003202123821276,,,,,,,,,
217,unconnected,416.3976327712262,False,0,0,False,0.0,,,,,,,,,
218,unconnected,777.3658336937827,False,0,0,False,0.0,,,,,,,,,
219,unconnected,150.6898221410417,False,0,0,False,0.0,,,,,,,,,
220,unconnected,3.6528938605895345,False,0,0,False,0.0,,,,,,,,,
221,unconnected,255.4678527194799,False,1,0,False,0.14425834638685242,,,,,,,,,
222,unconnected,77.20991992079648,False,1,0,False,0.017479915344725105,,,,,,,,,
223,unconnected,265.70871419329785,False,0,0,False,0.0,,,,,,,,,
224,unconnected,161.24919878742358,False,0,0,False,0.0,,,,,,,,,
225,unconnected,140.4130832157473,False,0,0,False,0.0,,,,,,,,,
226,parallel,300.0347647093504,True,5,0,False,0.6525735230579722,1.0,0.0,0.978296119919487,0.0001643224955301,32.76725855060673,0.0,32.76725855060673,0.0,0.0
227,other,582.3522635848302,True,3,0,False,0.1311375542340812,0.0517241379310344,43.011814929089326,1.3099767986192077,0.0157426576205066,956.9884375104432,478.4942187552216,478.4942187552216,478.49421875521904,478.494218755224
228,unconnected,197.70645660135398,False,0,0,False,0.0,,,,,,,,,
229,unconnected,411.0265085546661,False,0,0,False,0.0,,,,,,,,,
230,other,405.0884905232683,True,2,0,True,0.09546695091633145,0.1219512195121951,120.19250301785787,1.9941991869559017,0.0,0.0,0.0,0.0,0.0,0.0
231,unconnected,232.8412343215537,False,0,0,False,0.0,,,,,,,,,
232,unconnected,124.74844595348175,False,1,0,False,0.0,,,,,,,,,
233,unconnected,118.61112914578001,False,1,0,False,0.0,,,,,,,,,
234,parallel,507.0382952394364,True,7,3,True,0.4707160342372687,0.7647058823529411,153.24243237658465,1.3664651506907664,0.0674874268719197,7123.319946233636,7123.319946233636,0.0,1720.6597924190933,0.0
235,parallel,144.63240360261253,True,3,2,False,0.2694246622963242,1.0,0.0,0.9941592704668096,0.0,0.0,0.0,0.0,0.0,0.0
236,parallel,351.44271146032634,True,2,1,False,0.1624976689674315,0.7142857142857143,0.0,0.882371448077725,0.0,0.0,0.0,0.0,0.0,0.0
237,unconnected,31.25726360156063,False,0,0,False,0.0,,,,,,,,,
238,unconnected,24.921689971669217,False,0,0,False,0.0,,,,,,,,,
239,parallel,572.9506013364861,True,3,1,False,0.11613048006758149,0.7719298245614035,3.696397747759242,1.0714090802610825,0.0,0.0,0.0,0.0,0.0,0.0
240,unconnected,395.3890792947258,False,0,0,False,0.0,,,,,,,,,
241,unconnected,25.505937434608548,False,0,0,False,0.0,,,,,,,,,
242,unconnected,300.60918465537856,False,0,0,False,0.0,,,,,,,,,
243,unconnected,86.5878280754495,False,0,0,False,0.0,,,,,,,,,
244,unconnected,319.1384324348667,False,0,0,False,0.0,,,,,,,,,
245,unconnected,316.0804109319269,False,0,0,False,0.0,,,,,,,,,
246,unconnected,33.03045862334075,False,0,0,False,0.0,,,,,,,,,
247,unconnected,417.8276019674758,False,1,0,False,0.04059311062358066,,,,,,,,,
248,unconnected,501.8523050167617,False,1,0,False,0.06049871170570141,,,,,,,,,
249,unconnected,951.212323865813,False,0,0,False,0.0,,,,,,,,,
250,unconnected,134.9207144305844,False,0,0,False,0.0,,,,,,,,,
251,parallel,212.92521245827464,True,3,1,False,0.5393886308125556,0.8095238095238095,0.0,0.8822909466558332,0.0,0.0,0.0,0.0,0.0,0.0
252,unconnected,913.5658154860957,False,0,0,False,0.0,,,,,,,,,
253,parallel,262.7305589678315,True,3,2,True,0.02169631252273679,1.0,36.20857385882488,2.2430577701981824,0.0006535543795084,0.0,0.0,0.0,133.68168826371132,0.0
254,unconnected,73.41308276278158,False,0,0,False,0.0,,,,,,,,,
255,unconnected,341.27171697234076,False,1,0,False,0.0,,,,,,,,,
256,unconnected,119.4015265278944,False,1,0,False,0.11923159511937903,,,,,,,,,
257,other,83.38902350882525,True,2,1,False,0.012788211477285833,0.0,15.266675414600265,1.5447975385351007,0.0,0.0,0.0,0.0,0.0,0.0
258,other,207.83293231511493,True,2,1,False,0.02137983150032335,0.3809523809523809,6.890994913898382,1.3368509592996896,0.0,0.0,0.0,0.0,0.0,0.0
259,unconnected,127.53641083643075,False,1,1,False,0.10895938615549117,,,,,,,,,
260,unconnected,440.2838063782865,False,1,0,False,0.0,,,,,,,,,
261,unconnected,328.9138705457,False,0,0,False,0.0,,,,,,,,,
262,unconnected,244.53276783320885,False,1,0,False,0.0,,,,,,,,,
263,unconnected,830.9985429911216,False,0,0,False,0.0,,,,,,,,,
264,unconnected,229.0447976111533,False,1,0,False,0.0,,,,,,,,,
265,other,146.42629523628153,True,2,1,False,0.2819592810798114,0.2666666666666666,0.0,0.9320416501157416,0.0,0.0,0.0,0.0,0.0,0.0
266,other,421.1517728429311,True,2,1,False,0.0905847878533043,0.5,0.0,0.985591556892786,0.0,0.0,0.0,0.0,0.0,0.0
267,unconnected,422.10646102404974,False,0,0,False,0.0,,,,,,,,,
268,other,50.48976733100104,True,2,1,False,0.20701899512377722,0.0,6.328272193176057,1.5945935889750558,0.0,0.0,0.0,0.0,0.0,0.0
269,other,236.75290898162632,True,2,0,True,0.17656599567824424,0.2083333333333333,62.6864285004876,1.748101631330233,0.0,0.0,0.0,0.0,0.0,0.0
270,unconnected,137.66990776670022,False,0,0,False,0.0,,,,,,,,,
271,unconnected,178.01572203931204,False,0,0,False,0.0,,,,,,,,,
272,unconnected,262.64754627737545,False,0,0,False,0.0,,,,,,,,,
273,parallel,435.54292421697994,True,3,2,True,0.09938170969302024,1.0,64.65531297096823,1.1611636506573653,0.0,0.0,0.0,0.0,0.0,0.0
274,unconnected,446.7317941017074,False,0,0,False,0.0,,,,,,,,,
275,unconnected,53.861774602422294,False,0,0,False,0.0,,,,,,,,,
276,unconnected,473.5925218912082,False,1,0,True,0.06605430746669193,,,,,,,,,
277,unconnected,45.759133579139075,False,1,0,True,0.47046059549744823,,,,,,,,,
278,unconnected,140.29691149338987,False,0,0,False,0.0,,,,,,,,,
279,parallel,71.71747955561919,True,2,1,True,0.523728647146586,1.0,15.80095096684883,1.209209454389564,0.0,0.0,0.0,0.0,0.0,0.0
280,parallel,324.1667832684594,True,4,3,True,0.17340765976338335,0.75,6.047832923452631,1.0548166977755655,0.0,0.0,0.0,0.0,0.0,0.0
281,unconnected,304.3999817479482,False,0,0,False,0.0,,,,,,,,,
282,parallel,1079.6281054318595,True,4,2,True,0.02698581473094501,0.7129629629629629,47.73631402340402,1.1052012991078304,0.0052820674971851,629.8109373545216,593.2373610629357,36.57357629158585,36.57357629158638,0.0
283,unconnected,304.7843208783013,False,0,0,False,0.0,,,,,,,,,
284,unconnected,342.59080248636667,False,0,0,False,0.0,,,,,,,,,
285,unconnected,1050.3608923540314,False,0,0,False,0.0,,,,,,,,,
286,unconnected,687.3984076811822,False,1,0,False,0.0,,,,,,,,,
287,unconnected,416.5557500261368,False,0,0,False,0.0,,,,,,,,,
288,unconnected,151.40946473733848,False,0,0,False,0.0,,,,,,,,,
289,unconnected,655.9104332065929,False,0,0,False,0.0,,,,,,,,,
290,unconnected,139.50403702264109,False,0,0,False,0.0,,,,,,,,,
291,unconnected,60.16383310092409,False,0,0,False,0.0,,,,,,,,,
292,unconnected,249.17468819450693,False,0,0,False,0.0,,,,,,,,,
293,unconnected,636.7468421395655,False,0,0,False,0.0,,,,,,,,,
294,unconnected,331.4771382202347,False,0,0,False,0.0,,,,,,,,,
295,unconnected,242.25173281405827,False,0,0,False,0.0,,,,,,,,,
296,unconnected,152.00824225983465,False,0,0,False,0.0,,,,,,,,,
297,unconnected,69.16356298209878,False,0,0,False,0.0,,,,,,,,,
298,unconnected,237.79535426248137,False,0,0,False,0.0,,,,,,,,,
299,unconnected,126.65188370204899,False,0,0,False,0.0,,,,,,,,,
300,unconnected,127.36357148282592,False,1,1,False,0.23450389552345494,,,,,,,,,
301,unconnected,228.61420294188832,False,1,0,False,0.027160452886399764,,,,,,,,,
302,unconnected,331.292381321353,False,0,0,False,0.0,,,,,,,,,
303,unconnected,54.53050604009824,False,1,0,False,0.13665828604012234,,,,,,,,,
304,other,732.3819906809563,True,5,1,False,0.16099651122921335,0.2191780821917808,0.0,0.8628384092916717,0.0,0.0,0.0,0.0,0.0,0.0
305,unconnected,145.5372036557542,False,0,0,False,0.0,,,,,,,,,
306,unconnected,597.941100500452,False,0,0,False,0.0,,,,,,,,,
307,unconnected,60.5351441283736,False,0,0,False,0.0,,,,,,,,,
308,unconnected,295.57668114214437,False,0,0,False,0.0,,,,,,,,,
309,other,1136.006366875285,True,2,1,False,0.03373732911637897,0.1228070175438596,11.399402498507996,1.1728729499186807,0.0,0.0,0.0,0.0,0.0,0.0
310,unconnected,176.11658725822718,False,0,0,False,0.0,,,,,,,,,
311,other,861.9497764587552,True,3,1,False,0.06221977177577833,0.1395348837209302,4.52621077288822,1.0484058809243824,0.0,0.0,0.0,0.0,0.0,0.0
312,other,333.4814074120594,True,2,1,True,0.016619510365833715,0.3636363636363636,0.0,0.9657151279159598,0.0,0.0,0.0,0.0,0.0,0.0
313,other,1185.1976222950386,True,3,1,False,0.07195228326629287,0.0756302521008403,0.6789006975264948,1.0896143535782346,0.0,0.0,0.0,0.0,0.0,0.0
314,unconnected,145.80613952001283,False,0,0,False,0.0,,,,,,,,,
315,unconnected,257.43524090849337,False,0,0,False,0.0,,,,,,,,,
316,unconnected,49.82315519371592,False,0,0,False,0.0,,,,,,,,,
317,parallel,376.4697633823964,True,2,2,True,0.0,0.631578947368421,14.43712059178722,1.082220437931124,0.0,0.0,0.0,0.0,0.0,0.0
318,unconnected,114.49824674629438,False,0,0,False,0.0,,,,,,,,,
319,unconnected,68.76093194446563,False,0,0,False,0.0,,,,,,,,,
320,unconnected,146.89149998654324,False,0,0,False,0.0,,,,,,,,,
321,other,762.1905137027478,True,2,1,False,0.0,0.0,332.5835916361168,1.425925889669846,0.0,0.0,0.0,0.0,0.0,0.0
322,other,123.2314094564437,True,2,1,False,0.04064136609679512,0.0,3.0888628383582386,1.0998744254827837,0.0,0.0,0.0,0.0,0.0,0.0
323,unconnected,94.93040692434946,False,0,0,False,0.0,,,,,,,,,
324,unconnected,23.331075409323404,False,0,0,False,0.0,,,,,,,,,
325,unconnected,77.88687591259838,False,1,0,False,0.06039193755843886,,,,,,,,,
326,unconnected,24.544899571994883,False,0,0,False,0.0,,,,,,,,,
327,other,326.33729932271746,True,2,0,False,0.04931382378037924,0.0,0.0,0.0,0.0,0.0,0.0,0.0,0.0,0.0
328,unconnected,479.17179050447135,False,1,0,False,0.08698112328805503,,,,,,,,,
329,unconnected,46.168191333698964,False,1,0,False,0.0,,,,,,,,,
330,unconnected,247.90453407121015,False,0,0,False,0.0,,,,,,,,,
331,unconnected,173.32487915645243,False,1,0,False,0.0,,,,,,,,,
332,unconnected,220.70765611913666,False,0,0,False,0.0,,,,,,,,,
333,unconnected,702.4571554378274,False,0,0,False,0.0,,,,,,,,,
334,unconnected,1088.2559678223784,False,1,0,False,0.020743991567180455,,,,,,,,,
335,other,189.22372852056026,True,2,0,True,0.2947342830983025,0.3684210526315789,0.0,0.6954504175340717,0.0,0.0,0.0,0.0,0.0,0.0
336,unconnected,171.5836368733106,False,0,0,False,0.0,,,,,,,,,
337,unconnected,128.56873989449355,False,1,0,False,0.020078332444118368,,,,,,,,,
338,other,523.6400521079747,True,4,2,True,0.1601458061597796,0.1538461538461538,73.94319950776658,2.0328311224041,0.0044529539944861,148.56453573774814,0.0,148.56453573774814,311.6280974133593,148.56453573774814
339,unconnected,247.91030826786974,False,0,0,False,0.0,,,,,,,,,
340,unconnected,192.6878172764259,False,1,0,False,0.012773931532329526,,,,,,,,,
341,other,790.240114979509,True,2,0,False,0.033964957424292425,0.0379746835443038,30.301244996614884,1.2938831524751435,0.0,0.0,0.0,0.0,0.0,0.0
342,unconnected,268.17244171604796,False,0,0,False,0.0,,,,,,,,,
343,parallel,272.4807286388696,True,7,4,True,0.44265843251841636,0.8148148148148148,180.68113292991004,2.6190433068130443,0.0,0.0,0.0,0.0,0.0,0.0
344,parallel,81.37230555084783,True,2,1,False,0.0,0.625,1.4718872155908542,1.0286903339101356,0.0,0.0,0.0,0.0,0.0,0.0
345,unconnected,126.71198027950268,False,0,0,False,0.0,,,,,,,,,
346,unconnected,31.873585420943037,False,1,0,False,0.0,,,,,,,,,
347,parallel,28.661399445141612,True,2,0,False,0.33879250753896356,1.0,0.0,0.8236167580317824,0.0,0.0,0.0,0.0,0.0,0.0
348,screened_link,276.03593834894303,True,4,3,False,0.2396720314815244,0.1428571428571428,1573.6475258319167,29.35662700486721,0.0456825261767835,3378.0105183749765,2845.061329726619,532.9491886483577,3971.279647125952,0.0
349,unconnected,21.483261600543237,False,0,0,False,0.0,,,,,,,,,
350,screened_link,416.12063659299486,True,3,2,False,0.10995679989419636,0.5952380952380952,1389.3164734092225,5.244040188883488,0.0286479463481005,2150.284225220973,2150.284225220973,0.0,2212.191223025517,0.0
351,other,225.35182856460588,True,2,1,True,0.0885661577442875,0.1304347826086956,9.141296417588908,1.5821867277013728,0.0,0.0,0.0,0.0,0.0,0.0
352,other,246.04334127001516,True,3,0,False,0.11003507319563303,0.28,6.846455053058936,1.3220028047906358,0.0,0.0,0.0,0.0,0.0,0.0
353,parallel,250.5387278987185,True,3,1,False,0.4510436171420646,0.84,22.748430456224558,1.1928946699665932,0.0,0.0,0.0,0.0,0.0,0.0
354,parallel,24.722498598082787,True,2,0,True,1.0,1.0,20.347940163264024,1.7757489096503176,0.0023694977071001,179.75097491111828,179.75097491111828,0.0,179.75097491115125,0.0
355,parallel,186.63494353076916,True,2,1,True,0.5913323926853191,0.8421052631578947,90.26394560282986,1.6474450266953755,0.0020044557324251,152.05875531761586,152.05875531761586,0.0,152.0587553176457,0.0
356,unconnected,109.71927154306536,False,0,0,False,0.0,,,,,,,,,
357,unconnected,23.49345797001064,False,1,0,False,0.8355896117552665,,,,,,,,,
358,unconnected,226.58903710498242,False,1,0,False,0.0,,,,,,,,,
359,unconnected,302.9101977436852,False,0,0,False,0.0,,,,,,,,,
360,unconnected,44.29842446054267,False,0,0,False,0.0,,,,,,,,,
361,unconnected,64.80549915780065,False,0,0,False,0.0,,,,,,,,,
362,unconnected,77.20260513359845,False,0,0,False,0.0,,,,,,,,,
363,unconnected,62.33948765553808,False,0,0,False,0.0,,,,,,,,,
364,unconnected,93.86816565359706,False,0,0,False,0.0,,,,,,,,,
365,unconnected,135.81295704477964,False,1,0,False,0.18460807051280737,,,,,,,,,
366,unconnected,399.5437235076275,False,0,0,False,0.0,,,,,,,,,
367,unconnected,397.5298314210767,False,0,0,False,0.0,,,,,,,,,
368,unconnected,136.42283820519478,False,1,0,True,0.03527685478484893,,,,,,,,,
369,unconnected,488.256520165054,False,0,0,False,0.0,,,,,,,,,
370,other,183.1776838766104,True,4,1,False,0.4889874551460782,0.2777777777777778,57.28836120426836,1.748906426017726,0.0,0.0,0.0,0.0,0.0,0.0
371,unconnected,261.3008997953341,False,0,0,False,0.0,,,,,,,,,
372,unconnected,10.266411274765767,False,0,0,False,0.0,,,,,,,,,
373,other,283.8874959761581,True,3,2,False,0.07037805626492839,0.5357142857142857,8.009153270119747,1.1851118425423273,0.0,0.0,0.0,0.0,0.0,0.0
374,unconnected,204.18987759631045,False,0,0,False,0.0,,,,,,,,,
375,unconnected,56.20881045170672,False,1,0,True,0.0,,,,,,,,,
376,unconnected,191.6310986626723,False,0,0,False,0.0,,,,,,,,,
377,unconnected,368.77507027331785,False,1,0,False,0.0,,,,,,,,,
378,unconnected,126.04736813704392,False,1,0,False,0.008601533044469372,,,,,,,,,
379,screened_link,353.10811259937833,True,2,0,False,0.022407158840121764,0.0,2341.2450029521,7.335036418965528,0.0629835828326988,7725.471365890226,2228.455987595128,5497.015378295098,3464.153260925424,0.0
380,unconnected,378.64731317851385,False,0,0,False,0.0,,,,,,,,,
381,unconnected,466.8142946255906,False,0,0,False,0.0,,,,,,,,,
382,unconnected,309.2073826541825,False,0,0,False,0.0,,,,,,,,,
383,other,103.06128622641837,True,2,1,False,0.0,0.4,27.63750339620556,1.9199680609642131,0.0,0.0,0.0,0.0,0.0,0.0
384,unconnected,209.49030860688254,False,0,0,False,0.0,,,,,,,,,
385,unconnected,186.35609256616638,False,1,0,True,0.11013908212775826,,,,,,,,,
386,unconnected,124.5970950373756,False,1,0,False,0.08183215168507779,,,,,,,,,
387,unconnected,236.9421376823126,False,0,0,False,0.0,,,,,,,,,
388,unconnected,142.3106869637738,False,0,0,False,0.0,,,,,,,,,
389,crossing_review,167.62212241941026,True,3,1,True,0.32370406059043183,0.0,597.2661297254331,20.62120769592104,0.0372985357871757,413.7648543671712,413.7648543671712,0.0,1772.2933169230091,1714.0555883805196
390,other,149.45293101596934,True,2,1,True,0.0,0.3333333333333333,6.753297821452748,1.1363759846343426,0.0,0.0,0.0,0.0,0.0,0.0
391,unconnected,31.32667272147665,False,0,0,False,0.0,,,,,,,,,
392,unconnected,125.78261675077783,False,1,1,False,0.15230021807479413,,,,,,,,,
393,other,532.2439450486714,True,2,1,True,0.020957879073742573,0.0,6.7146605425025285,1.4322879331737115,0.0,0.0,0.0,0.0,0.0,0.0
394,unconnected,1.3168032723374112,False,1,0,True,0.0588178440539309,,,,,,,,,
395,crossing_review,378.3582357855057,True,3,0,True,0.2918484898481856,0.5263157894736842,350.9545512517534,3.335997519028409,0.061144609658231,7061.886536505557,638.5662414692729,6423.320295036284,0.0,1607.5753211754186
396,other,329.9997916216063,True,2,0,True,0.06604019275248132,0.0,99.94182434563086,2.3960731671142024,0.0286916770979693,3300.2214696481574,319.8454468542908,2980.3760227938665,0.0,754.4497025384388
397,unconnected,98.16968334872799,False,0,0,False,0.0,,,,,,,,,
398,unconnected,184.22680595099436,False,0,0,False,0.0,,,,,,,,,
399,unconnected,25.562834788372133,False,0,0,False,0.0,,,,,,,,,
400,unconnected,37.458899696776605,False,0,0,False,0.0,,,,,,,,,
401,unconnected,14.345797545350248,False,0,0,False,0.0,,,,,,,,,
402,unconnected,181.95738863177428,False,0,0,False,0.0,,,,,,,,,
403,unconnected,400.8343125665283,False,0,0,False,0.0,,,,,,,,,
404,unconnected,196.70067397483464,False,1,0,True,0.09431867521605217,,,,,,,,,
405,unconnected,449.8366900951026,False,1,0,False,0.0,,,,,,,,,
406,unconnected,145.0965370972944,False,0,0,False,0.0,,,,,,,,,
407,unconnected,1060.1602332570328,False,0,0,False,0.0,,,,,,,,,
408,unconnected,977.1309235467314,False,0,0,False,0.0,,,,,,,,,
409,unconnected,525.9487308666138,False,1,0,False,0.0,,,,,,,,,
410,unconnected,839.8268011493853,False,0,0,False,0.0,,,,,,,,,
411,unconnected,466.4300495684351,False,0,0,False,0.0,,,,,,,,,
412,unconnected,743.965494568359,False,0,0,False,0.0,,,,,,,,,
413,unconnected,461.6194954083171,False,1,0,True,0.0037221189068129,,,,,,,,,
414,unconnected,24.796401829512337,False,0,0,False,0.0,,,,,,,,,
415,parallel,189.0929877143754,True,2,1,True,0.3431381815904969,0.7368421052631579,31.834709038617007,1.3838535751570402,0.0,0.0,0.0,0.0,0.0,0.0
416,unconnected,83.59926701618907,False,1,0,True,0.24226846012655984,,,,,,,,,
417,crossing_review,819.9850061897712,True,2,0,True,0.02683684702812878,0.024390243902439,448.4833956056709,1.910314902897497,0.001843376485924,222.2748966523625,222.2748966523625,0.0,0.0,0.0
418,unconnected,75.42952760743161,False,1,0,True,0.4920998632128307,,,,,,,,,
419,unconnected,32.00474034897389,False,0,0,False,0.0,,,,,,,,,
420,other,354.16294516305175,True,3,1,False,0.30379814881523887,0.3428571428571428,5.257589027591152,1.1630400479749334,0.0,0.0,0.0,0.0,0.0,0.0
421,other,522.7037067572375,True,2,1,True,0.03930273925867861,0.0,14.051689800743144,1.8965638665105229,0.00091312352564,75.71360528674654,29.66502239250281,46.04858289424373,0.0,29.66502239250325
422,unconnected,661.249266583482,False,1,0,False,0.019604317494345356,,,,,,,,,
423,unconnected,286.05453739994556,False,0,0,False,0.0,,,,,,,,,
424,unconnected,248.11905215127075,False,1,1,False,0.08057329600183259,,,,,,,,,
425,other,67.48610010863007,True,2,0,False,0.30771578135018035,0.5714285714285714,283.1027215463307,4.790015036858872,0.0,0.0,0.0,0.0,0.0,0.0
426,unconnected,56.65857034471473,False,0,0,False,0.0,,,,,,,,,
427,unconnected,468.7241654953795,False,1,0,True,0.04514169905441468,,,,,,,,,
428,unconnected,243.2677592974602,False,1,0,False,0.013604190475796167,,,,,,,,,
429,unconnected,255.29253453499462,False,0,0,False,0.0,,,,,,,,,
430,crossing_review,692.8028181188143,True,2,0,True,0.028948065476201826,0.0144927536231884,1124.6191670167668,28.41177461199472,0.0627967017967487,1076.34538288829,1076.34538288829,0.0,0.0,3663.784982499667
431,other,777.6908166433575,True,3,2,True,0.05118301227546216,0.1153846153846153,42.36516032688377,3.657169255575509,0.0010579385926114,87.95079457905793,20.565097448994194,67.38569713006373,50.53934790528108,20.56509744899944
432,unconnected,485.10820686117404,False,1,0,True,0.017374164546445744,,,,,,,,,
433,unconnected,332.4863288228344,False,1,0,True,0.055074487147599896,,,,,,,,,
434,unconnected,213.99296819334734,False,0,0,False,0.0,,,,,,,,,
435,unconnected,777.7883538986187,False,1,0,False,0.004178697545501282,,,,,,,,,
436,unconnected,1055.2425701548912,False,0,0,False,0.0,,,,,,,,,
437,unconnected,632.9052434108204,False,1,0,False,0.0,,,,,,,,,
438,other,180.8850993647092,True,2,1,False,0.08808300325505398,0.0,3.83950888885502,1.5827824575104203,0.0,0.0,0.0,0.0,0.0,0.0
439,parallel,243.03417752205547,True,3,2,False,0.0,1.0,12.558855783888134,1.0823218157658592,0.0,0.0,0.0,0.0,0.0,0.0
440,unconnected,553.2792058438209,False,1,0,False,0.38067042927750483,,,,,,,,,
441,crossing_review,216.0646626770606,True,3,1,True,0.1192072693897854,0.0909090909090909,213.7477807260724,5.599110014336973,0.0033299832270661,60.3525822606737,40.23009846410407,20.12248379656963,0.0,196.92197735282812
442,unconnected,1.596820905828867,False,0,0,False,0.0,,,,,,,,,
443,unconnected,161.18584773673044,False,0,0,False,0.0,,,,,,,,,
444,unconnected,547.5531363702697,False,0,0,False,0.0,,,,,,,,,
445,unconnected,36.11105192597697,False,0,0,False,0.0,,,,,,,,,
446,unconnected,168.0394364702539,False,0,0,False,0.0,,,,,,,,,
447,unconnected,215.89465567189188,False,0,0,False,0.0,,,,,,,,,
448,unconnected,12.423173913160145,False,0,0,False,0.0,,,,,,,,,
449,unconnected,19.49635160558935,False,0,0,False,0.0,,,,,,,,,
450,other,166.59215123264278,True,4,1,True,0.44212782388191607,0.2941176470588235,84.31327572914755,1.9407015029097967,1.151701976392608e-06,0.1730832918658321,0.086541645932916,0.086541645932916,0.0,0.0
451,unconnected,382.74089202182915,False,1,0,False,0.010084893436650417,,,,,,,,,
452,unconnected,29.582195339155938,False,0,0,False,0.0,,,,,,,,,
453,unconnected,31.84428173477136,False,1,0,False,0.28280460126250095,,,,,,,,,
454,unconnected,118.02963635121228,False,1,0,False,0.015187498540777156,,,,,,,,,
455,unconnected,283.9077595645489,False,1,0,False,0.008395198716451559,,,,,,,,,
456,unconnected,286.07889984908434,False,0,0,False,0.0,,,,,,,,,
457,other,1124.8722123515365,True,2,0,False,0.028646006538060532,0.0267857142857142,0.0,0.0,0.0,0.0,0.0,0.0,0.0,0.0
458,unconnected,113.65386079141399,False,1,0,True,0.04680872292537349,,,,,,,,,
459,unconnected,147.91915874118692,False,0,0,False,0.0,,,,,,,,,
460,other,58.264486170036925,True,2,0,False,0.04545916314639488,0.3333333333333333,0.0,0.0,0.0,0.0,0.0,0.0,0.0,0.0
461,parallel,69.21605075714612,True,3,1,False,0.5971608028237876,0.8571428571428571,6.507656041759255,1.2868916151370848,0.0,0.0,0.0,0.0,0.0,0.0
462,other,198.28098182851528,True,2,0,False,0.09739322659123534,0.1,0.0,0.0,0.0210009990967264,0.0,0.0,0.0,0.0,1428.3030029764536
463,unconnected,193.85075900742524,False,0,0,False,0.0,,,,,,,,,
464,unconnected,222.3416410396147,False,1,0,True,0.09016306561080445,,,,,,,,,
465,crossing_review,709.4597299464696,True,3,0,True,0.05278149354678635,0.0140845070422535,2798.2305061410257,4.908916701247906,0.0197774458645237,2731.157979445084,1854.9136134532807,876.2443659918024,0.0,0.0
466,unconnected,215.95674790894722,False,1,0,True,0.019794255778709538,,,,,,,,,
467,unconnected,588.845497158818,False,0,0,False,0.0,,,,,,,,,
468,unconnected,50.733160668818925,False,0,0,False,0.0,,,,,,,,,
469,other,602.0248118614007,True,3,1,True,0.06011623832698025,0.15,18.94258619794988,1.0482067205859664,0.0003102630641421,46.62782003231944,23.31391001615972,23.31391001615972,0.0,0.0
470,unconnected,328.0949995538884,False,0,0,False,0.0,,,,,,,,,
471,unconnected,8.423261826256596,False,0,0,False,0.0,,,,,,,,,
472,unconnected,582.2502058447388,False,1,0,False,0.0,,,,,,,,,
473,unconnected,230.8176661444792,False,1,0,True,0.004128989750861785,,,,,,,,,
474,unconnected,263.54218536402874,False,0,0,False,0.0,,,,,,,,,
475,other,196.30417707595615,True,3,0,False,0.13838588624665116,0.0,170.50454311227094,1.8867787340912217,0.0,0.0,0.0,0.0,0.0,0.0
476,unconnected,192.87402011298724,False,0,0,False,0.0,,,,,,,,,
477,other,624.3215767343656,True,2,2,False,0.032453149172115815,0.0,0.0,0.0,0.0,0.0,0.0,0.0,0.0,0.0
478,unconnected,297.8292052205539,False,0,0,False,0.0,,,,,,,,,
479,unconnected,255.22575334181647,False,1,0,False,0.00547001423844639,,,,,,,,,
480,other,1797.9029873289933,True,4,2,False,0.023262255216384482,0.0222222222222222,5825.3935339816,5.8975745571493245,0.0,0.0,0.0,0.0,0.0,0.0
481,unconnected,54.81774860325616,False,0,0,False,0.0,,,,,,,,,
482,unconnected,216.48223725159775,False,0,0,False,0.0,,,,,,,,,
483,unconnected,515.998758579862,False,0,0,False,0.0,,,,,,,,,
484,unconnected,338.8974520702559,False,1,0,False,0.030010135547248122,,,,,,,,,
485,other,343.6852325755061,True,2,1,False,0.28142109388001085,0.3235294117647059,0.2842247389823811,1.0055633081686677,0.0,0.0,0.0,0.0,0.0,0.0
486,unconnected,1217.0089838005415,False,0,0,False,0.0,,,,,,,,,
487,unconnected,887.1770710922837,False,1,0,False,0.004790998106137333,,,,,,,,,
488,unconnected,306.31906541578485,False,0,0,False,0.0,,,,,,,,,
489,unconnected,78.16031410425157,False,0,0,False,0.0,,,,,,,,,
490,unconnected,35.82782113168404,False,0,0,False,0.0,,,,,,,,,
491,unconnected,390.9708490204652,False,0,0,False,0.0,,,,,,,,,
492,unconnected,306.9613350727837,False,0,0,False,0.0,,,,,,,,,
493,unconnected,239.86033922780436,False,0,0,False,0.0,,,,,,,,,
494,unconnected,342.41346301279657,False,0,0,False,0.0,,,,,,,,,
495,unconnected,502.3835195335668,False,1,0,False,0.0,,,,,,,,,
496,unconnected,150.28265110593907,False,0,0,False,0.0,,,,,,,,,
497,unconnected,375.01209239193474,False,0,0,False,0.0,,,,,,,,,
498,unconnected,100.33481577469901,False,0,0,False,0.0,,,,,,,,,
499,unconnected,434.8898049956198,False,1,0,False,0.0014791505667208253,,,,,,,,,
500,unconnected,207.7383275595259,False,0,0,False,0.0,,,,,,,,,
501,unconnected,914.8146917113901,False,0,0,False,0.0,,,,,,,,,
502,unconnected,1059.9303626785163,False,0,0,False,0.0,,,,,,,,,
503,unconnected,267.3662641764401,False,0,0,False,0.0,,,,,,,,,
504,unconnected,505.789666216338,False,1,0,False,0.0,,,,,,,,,
505,unconnected,524.4337451920901,False,0,0,False,0.0,,,,,,,,,
506,unconnected,294.3615445162421,False,1,0,True,0.0755537915314438,,,,,,,,,
507,unconnected,309.00652565383035,False,0,0,False,0.0,,,,,,,,,
508,other,295.7293227985539,True,2,1,True,0.10754877807655562,0.0666666666666666,8.687777237799843,1.248731250981048,0.0,0.0,0.0,0.0,0.0,0.0
509,unconnected,34.29445679714906,False,1,0,False,0.23296467077978159,,,,,,,,,
510,unconnected,345.991136160899,False,1,0,True,0.03974393440341493,,,,,,,,,
511,unconnected,224.82031264839873,False,0,0,False,0.0,,,,,,,,,
512,unconnected,9.792596040678104,False,0,0,False,0.0,,,,,,,,,
513,unconnected,94.1176879679679,False,0,0,False,0.0,,,,,,,,,
514,unconnected,16.344198027771952,False,0,0,False,0.0,,,,,,,,,
515,unconnected,796.7044741813788,False,0,0,False,0.0,,,,,,,,,
516,unconnected,442.26808096845133,False,1,1,False,0.0,,,,,,,,,
517,unconnected,230.76765133406545,False,0,0,False,0.0,,,,,,,,,
518,unconnected,740.1884434646437,False,0,0,False,0.0,,,,,,,,,
519,unconnected,57.50773627955731,False,1,0,True,0.15037671268700756,,,,,,,,,
520,unconnected,574.874023550324,False,0,0,False,0.0,,,,,,,,,
521,unconnected,786.2409483482029,False,1,0,True,0.02550187785412583,,,,,,,,,
522,other,246.42154796052782,True,2,1,True,0.0,0.16,11.371903948566697,1.2980753591809833,0.0,0.0,0.0,0.0,0.0,0.0
523,crossing_review,718.8723751412681,True,4,1,True,0.04911971415973778,0.0,114.921463578397,9.048222584553155,0.010878866914422,0.0,0.0,0.0,2225.2246195792786,0.0
524,unconnected,51.041664452433146,False,0,0,False,0.0,,,,,,,,,
525,unconnected,146.8386703102355,False,1,0,False,0.22333332591437952,,,,,,,,,
526,unconnected,460.40800683963033,False,0,0,False,0.0,,,,,,,,,
527,unconnected,321.96103842525383,False,1,0,True,0.01690384140079794,,,,,,,,,
528,unconnected,226.6206959155323,False,0,0,False,0.0,,,,,,,,,
529,other,730.7840501235762,True,2,1,False,0.03547880881104085,0.0,309.8186131475288,1.471543996349227,0.0,0.0,0.0,0.0,0.0,0.0
530,parallel,87.67825254492226,True,2,0,True,0.1693656546809739,0.6666666666666666,59.91771097934296,1.6131404031483911,0.0,0.0,0.0,0.0,0.0,0.0
531,unconnected,497.8411769730776,False,0,0,False,0.0,,,,,,,,,
532,unconnected,801.8966351551232,False,0,0,False,0.0,,,,,,,,,
533,unconnected,225.08583300452747,False,0,0,False,0.0,,,,,,,,,
534,unconnected,229.5529433804977,False,0,0,False,0.0,,,,,,,,,
535,other,209.0323791960927,True,2,1,True,0.0832998005211841,0.238095238095238,4.102543265659918,1.073456711687974,0.0,0.0,0.0,0.0,0.0,0.0
536,unconnected,341.6372868167993,False,0,0,False,0.0,,,,,,,,,
537,unconnected,871.5623491207484,False,1,1,False,0.0,,,,,,,,,
538,unconnected,270.34464843368755,False,1,1,False,0.03793989129190048,,,,,,,,,
539,unconnected,270.213494840565,False,0,0,False,0.0,,,,,,,,,
540,other,244.46029470322324,True,3,1,False,0.1555082345809014,0.0,92.1388452312542,1.6773019803660263,0.001765745613726,133.9501171751481,133.9501171751481,0.0,133.9501171751481,0.0
541,crossing_review,369.2476078166324,True,2,0,True,0.09909847294451875,0.1081081081081081,365.2354900390347,2.0348707430460578,0.0228782361994458,3438.2509665280195,1719.125483264031,1719.1254832639888,0.0,0.0
542,unconnected,1233.4647050888314,False,1,0,False,0.0,,,,,,,,,
543,unconnected,106.08225705027432,False,0,0,False,0.0,,,,,,,,,
544,unconnected,107.20096882476855,False,0,0,False,0.0,,,,,,,,,
545,unconnected,93.2260048429558,False,1,0,False,0.22024343092691417,,,,,,,,,
546,unconnected,294.0002751352771,False,1,0,False,0.0,,,,,,,,,
547,unconnected,419.3727412313887,False,0,0,False,0.0,,,,,,,,,
548,unconnected,201.79439056284505,False,0,0,False,0.0,,,,,,,,,
549,unconnected,329.3421065394479,False,1,0,False,0.0643356964414394,,,,,,,,,
550,unconnected,227.1938932837629,False,0,0,False,0.0,,,,,,,,,
551,unconnected,679.4883711342517,False,0,0,False,0.0,,,,,,,,,
552,unconnected,537.6945829850417,False,1,0,True,0.031079179318675505,,,,,,,,,
553,screened_link,403.89623970874163,True,10,5,False,0.33556938742653564,0.325,222.4430229348992,10.787730736227592,0.0239575443517883,732.9427986650765,732.9427986650765,0.0,0.0,1215.977718308819
554,other,731.1532465440248,True,2,1,True,0.023929187278337136,0.0410958904109589,2.0366332851306588,1.1346688459130168,0.0,0.0,0.0,0.0,0.0,0.0
555,unconnected,122.17861809302984,False,0,0,False,0.0,,,,,,,,,
556,unconnected,272.9095843009946,False,0,0,False,0.0,,,,,,,,,
557,crossing_review,1359.9882722301538,True,4,2,True,0.032954006154113355,0.0808823529411764,434.6020082661389,1.9565844571670767,1.317770260613001e-05,0.0,0.0,0.0,2.6954414002234763,0.0
558,unconnected,356.85225341577643,False,0,0,False,0.0,,,,,,,,,
559,unconnected,266.74144332231907,False,0,0,False,0.0,,,,,,,,,
560,unconnected,258.07616846373264,False,0,0,False,0.0,,,,,,,,,
561,unconnected,47.41112364353239,False,0,0,False,0.0,,,,,,,,,
562,unconnected,304.381679183413,False,1,0,False,0.029679749605939373,,,,,,,,,
563,unconnected,637.0163263174767,False,1,1,False,0.026713782662080326,,,,,,,,,
564,unconnected,1373.4192138539058,False,1,0,True,0.014574370496283457,,,,,,,,,
565,unconnected,506.9138712945172,False,1,0,False,0.0,,,,,,,,,
566,unconnected,186.56346573860657,False,1,0,True,0.08524852816780691,,,,,,,,,
567,unconnected,94.78001766997524,False,1,0,False,0.036334578668310864,,,,,,,,,
568,unconnected,387.6108677545247,False,0,0,False,0.0,,,,,,,,,
569,unconnected,526.7480186675941,False,1,0,False,0.022507979092397695,,,,,,,,,
570,unconnected,456.82484139518664,False,1,0,True,0.0,,,,,,,,,
571,unconnected,597.0014440706788,False,1,0,False,0.0,,,,,,,,,
572,unconnected,161.0958070727779,False,1,1,False,0.09398888820199092,,,,,,,,,
573,unconnected,234.6574067247769,False,0,0,False,0.0,,,,,,,,,
574,unconnected,462.38056044349213,False,1,0,False,0.08300010982014053,,,,,,,,,
575,unconnected,521.8215797341454,False,0,0,False,0.0,,,,,,,,,
576,unconnected,516.2160260278418,False,0,0,False,0.0,,,,,,,,,
577,unconnected,262.8608325393859,False,0,0,False,0.0,,,,,,,,,
578,other,106.26362235425763,True,2,1,False,0.21663002158269132,0.0,12.544947113737642,1.4398609135261702,0.0,0.0,0.0,0.0,0.0,0.0
579,unconnected,616.4213583144668,False,0,0,False,0.0,,,,,,,,,
580,unconnected,200.46350229474797,False,1,0,True,0.05667277662502999,,,,,,,,,
581,other,61.39087684458977,True,2,1,True,0.28930571594511423,0.5,21.14392422430778,1.5641719628769284,0.0010174914512416,152.91349102120358,76.45674551065393,76.45674551054967,0.0,0.0
582,unconnected,384.8516714991726,False,0,0,False,0.0,,,,,,,,,
583,unconnected,708.7932747261309,False,1,1,False,0.03766417267403209,,,,,,,,,
584,unconnected,636.5616891620206,False,1,0,False,0.020050277562264875,,,,,,,,,
585,unconnected,472.0084174480466,False,0,0,False,0.0,,,,,,,,,
586,unconnected,320.3635921895808,False,0,0,False,0.0,,,,,,,,,
587,unconnected,468.48140576727593,False,1,0,False,0.0,,,,,,,,,
588,unconnected,59.191993046659746,False,0,0,False,0.0,,,,,,,,,
589,unconnected,239.691517721814,False,0,0,False,0.0,,,,,,,,,
590,unconnected,184.56717658767735,False,0,0,False,0.0,,,,,,,,,
591,unconnected,150.18268254810252,False,0,0,False,0.0,,,,,,,,,
592,unconnected,1108.2346793938934,False,1,0,True,0.013487933161255662,,,,,,,,,
593,other,592.2335439579382,True,3,0,False,0.14173284940844655,0.2203389830508474,3.031260775290775,1.0623842427299754,0.0002979165653449,59.40701601245604,0.0,59.40701601245604,0.0,0.0
594,unconnected,489.9218140717211,False,0,0,False,0.0,,,,,,,,,
595,unconnected,175.67210910888045,False,0,0,False,0.0,,,,,,,,,
596,unconnected,743.5892711593781,False,0,0,False,0.0,,,,,,,,,
597,unconnected,486.82426088646923,False,1,1,False,0.04906644323260304,,,,,,,,,
598,unconnected,486.0398595295826,False,1,0,False,0.0,,,,,,,,,
599,other,663.9391534778317,True,4,1,False,0.08701970807940525,0.2424242424242424,93.3834349797786,3.0228231354471022,0.0079636398744306,447.41749828524496,0.0,447.41749828524496,1169.9832898815284,0.0
600,unconnected,139.71225561440235,False,0,0,False,0.0,,,,,,,,,
601,unconnected,714.2796357398137,False,1,0,False,0.030260691585714428,,,,,,,,,
602,unconnected,86.02880019547561,False,0,0,False,0.0,,,,,,,,,
603,unconnected,546.0875020472745,False,0,0,False,0.0,,,,,,,,,
604,unconnected,516.2508676705199,False,0,0,False,0.0,,,,,,,,,
605,unconnected,659.1850128295553,False,0,0,False,0.0,,,,,,,,,
606,unconnected,254.09744447078975,False,1,0,False,0.03530072602054852,,,,,,,,,
607,parallel,472.2640022399917,True,6,4,False,0.12221055540737175,0.851063829787234,42.81841134821955,1.8446497135121995,0.0,0.0,0.0,0.0,0.0,0.0
608,unconnected,296.23461091735044,False,1,0,True,0.034041906787471016,,,,,,,,,
609,unconnected,388.4757427287608,False,0,0,False,0.0,,,,,,,,,
610,unconnected,144.90168225836783,False,0,0,False,0.0,,,,,,,,,
611,unconnected,558.6073015589225,False,0,0,False,0.0,,,,,,,,,
612,unconnected,668.8486470366859,False,0,0,False,0.0,,,,,,,,,
613,unconnected,361.358886998292,False,0,0,False,0.0,,,,,,,,,
614,unconnected,364.2345078739367,False,0,0,False,0.0,,,,,,,,,
615,unconnected,561.671069690884,False,1,0,False,0.0,,,,,,,,,
616,unconnected,765.1842018000531,False,0,0,False,0.0,,,,,,,,,
617,unconnected,1056.3680060621996,False,0,0,False,0.0,,,,,,,,,
618,unconnected,294.0485915950278,False,0,0,False,0.0,,,,,,,,,
619,unconnected,155.73018010396734,False,1,0,False,0.024898923175738257,,,,,,,,,
620,other,816.6057190602553,True,2,0,True,0.029762568777149636,0.0,996.581506323448,2.225584224242785,0.0,0.0,0.0,0.0,0.0,0.0
621,unconnected,994.1155917716396,False,0,0,False,0.0,,,,,,,,,
622,unconnected,547.8481417606638,False,1,0,False,0.0,,,,,,,,,
623,other,397.67290437404796,True,2,1,True,0.05842273011363763,0.375,2.6254291563183614,1.0217126823362117,0.0,0.0,0.0,0.0,0.0,0.0
624,unconnected,475.46400768779586,False,0,0,False,0.0,,,,,,,,,
625,unconnected,637.8586093849906,False,1,0,False,0.024465389793492706,,,,,,,,,
626,unconnected,509.4310646179692,False,1,0,False,0.030255818420057513,,,,,,,,,
627,other,469.1793743730497,True,2,0,False,0.10005653096833464,0.0851063829787234,43.71137589810159,2.3431371612039458,0.0,0.0,0.0,0.0,0.0,0.0
628,unconnected,295.851770890166,False,0,0,False,0.0,,,,,,,,,
629,unconnected,250.26055022894118,False,1,0,False,0.06104773165810533,,,,,,,,,
630,unconnected,1.0623232039756614,False,0,0,False,0.0,,,,,,,,,
631,unconnected,312.44517573386815,False,1,0,True,0.06776077556932562,,,,,,,,,
632,unconnected,118.65662931695522,False,0,0,False,0.0,,,,,,,,,
633,unconnected,337.1757334479565,False,0,0,False,0.0,,,,,,,,,
634,other,609.8987612583104,True,2,1,False,0.032794665692902535,0.0,161.77022719298242,1.5828440630137852,0.0,0.0,0.0,0.0,0.0,0.0
635,unconnected,303.88217681531387,False,0,0,False,0.0,,,,,,,,,
636,unconnected,612.9707913847897,False,1,0,True,0.00778234099839218,,,,,,,,,
637,unconnected,482.3200268940204,False,0,0,False,0.0,,,,,,,,,
638,unconnected,116.69485011509225,False,0,0,False,0.0,,,,,,,,,
639,unconnected,312.96334455116937,False,0,0,False,0.0,,,,,,,,,
640,unconnected,996.5149480271344,False,0,0,False,0.0,,,,,,,,,
641,unconnected,372.3284763211542,False,0,0,False,0.0,,,,,,,,,
642,unconnected,394.0130288933775,False,0,0,False,0.0,,,,,,,,,
643,unconnected,27.060906868515556,False,0,0,False,0.0,,,,,,,,,
644,unconnected,323.0391830346117,False,1,0,False,0.0,,,,,,,,,
645,unconnected,360.52785803049863,False,0,0,False,0.0,,,,,,,,,
646,unconnected,446.4273235132501,False,0,0,False,0.0,,,,,,,,,
647,unconnected,401.70465996946655,False,0,0,False,0.0,,,,,,,,,
648,unconnected,677.4107725025011,False,1,0,False,0.0038567052966521176,,,,,,,,,
649,unconnected,38.64197288298798,False,0,0,False,0.0,,,,,,,,,
650,unconnected,317.11433251076517,False,1,0,False,0.016685023935240427,,,,,,,,,
651,unconnected,973.3967330081186,False,0,0,False,0.0,,,,,,,,,
652,unconnected,291.8895034459125,False,1,0,False,0.025910778761658104,,,,,,,,,
653,unconnected,239.9284057767786,False,1,0,False,0.030800099466197103,,,,,,,,,
654,unconnected,222.71368644773042,False,0,0,False,0.0,,,,,,,,,
655,unconnected,5.978100690413142,False,0,0,False,0.0,,,,,,,,,
656,unconnected,156.81533231407585,False,0,0,False,0.0,,,,,,,,,
657,unconnected,235.80141177306302,False,1,0,False,0.0,,,,,,,,,
658,unconnected,210.6016987819838,False,1,0,False,0.0,,,,,,,,,
659,other,327.68283399104604,True,2,1,False,0.07369429967244073,0.0,4.600654662251198,1.1684363480775195,0.0,0.0,0.0,0.0,0.0,0.0
660,other,417.9776179285515,True,4,1,True,0.33000587365719436,0.5,13.14109619716504,1.1415887561498523,0.0,0.0,0.0,0.0,0.0,0.0
661,unconnected,525.8890064941216,False,0,0,False,0.0,,,,,,,,,
662,other,226.45887519233509,True,2,0,False,0.05983293753259199,0.1304347826086956,423.6586881147556,2.812929620404409,0.0,0.0,0.0,0.0,0.0,0.0
663,unconnected,233.64337385154357,False,0,0,False,0.0,,,,,,,,,
664,unconnected,118.4639541782081,False,0,0,False,0.0,,,,,,,,,
665,unconnected,177.74896940390136,False,0,0,False,0.0,,,,,,,,,
666,unconnected,1029.3988875622133,False,0,0,False,0.0,,,,,,,,,
667,unconnected,590.4222332969622,False,1,0,False,0.02214960767115401,,,,,,,,,
668,other,208.48031031496342,True,3,1,True,0.09382229358578915,0.238095238095238,4.582541300035178,1.176097737131878,0.0,0.0,0.0,0.0,0.0,0.0
669,unconnected,205.2651761368705,False,1,0,True,0.0,,,,,,,,,
670,unconnected,150.616535909504,False,1,0,False,0.0,,,,,,,,,
671,unconnected,619.288300655025,False,0,0,False,0.0,,,,,,,,,
672,unconnected,193.87995290856992,False,0,0,False,0.0,,,,,,,,,
673,unconnected,327.7891889534483,False,0,0,False,0.0,,,,,,,,,
674,unconnected,218.08290392288376,False,0,0,False,0.0,,,,,,,,,
675,unconnected,323.44355008849055,False,1,0,False,0.027145952461134257,,,,,,,,,
676,unconnected,261.0505275971936,False,0,0,False,0.0,,,,,,,,,
677,unconnected,468.4064132889347,False,0,0,False,0.0,,,,,,,,,
678,unconnected,491.44429245391996,False,0,0,False,0.0,,,,,,,,,
679,unconnected,49.04735945675503,False,0,0,False,0.0,,,,,,,,,
680,unconnected,321.63944260885785,False,0,0,False,0.0,,,,,,,,,
681,unconnected,209.52889799152618,False,0,0,False,0.0,,,,,,,,,
682,unconnected,221.39108236450488,False,1,0,True,0.0,,,,,,,,,
683,unconnected,149.92175097695926,False,0,0,False,0.0,,,,,,,,,
684,unconnected,184.0034672147426,False,1,0,False,0.0072138530264609715,,,,,,,,,
685,unconnected,257.54183922089703,False,1,0,False,0.04517897961977105,,,,,,,,,
686,unconnected,151.5133354800937,False,0,0,False,0.0,,,,,,,,,
687,unconnected,408.9448564532887,False,0,0,False,0.0,,,,,,,,,
688,unconnected,621.943468387406,False,0,0,False,0.0,,,,,,,,,
689,unconnected,181.05204398229458,False,0,0,False,0.0,,,,,,,,,
690,unconnected,105.1300833022666,False,0,0,False,0.0,,,,,,,,,
691,unconnected,300.22779163802414,False,0,0,False,0.0,,,,,,,,,
692,unconnected,267.9796291453603,False,0,0,False,0.0,,,,,,,,,
693,unconnected,92.05706347501507,False,0,0,False,0.0,,,,,,,,,
694,unconnected,497.7253743762042,False,1,0,False,0.026146057131485646,,,,,,,,,
695,unconnected,227.228038877446,False,1,0,False,0.006182221877637553,,,,,,,,,
696,other,237.2914089351002,True,2,1,False,0.031318107421685955,0.0,9.79861763383304,1.484477564381714,0.0,0.0,0.0,0.0,0.0,0.0
697,unconnected,239.41728470684737,False,0,0,False,0.0,,,,,,,,,
698,unconnected,338.1815531502767,False,1,0,False,0.007217612375055943,,,,,,,,,
699,unconnected,1027.5173483920757,False,0,0,False,0.0,,,,,,,,,
700,other,838.8767522465675,True,2,1,False,0.045724425328405205,0.0595238095238095,0.0,0.9374105591873488,0.0,0.0,0.0,0.0,0.0,0.0
701,unconnected,613.2593356258848,False,1,0,False,0.023720531654698628,,,,,,,,,
702,unconnected,1646.698195582354,False,1,0,False,0.010291141399801088,,,,,,,,,
703,unconnected,113.48148327306254,False,0,0,False,0.0,,,,,,,,,
704,unconnected,180.01252998381406,False,0,0,False,0.0,,,,,,,,,
705,other,1111.4207345349143,True,3,2,True,0.014960893512824978,0.1531531531531531,241.5730362215611,1.618740675254039,0.0,0.0,0.0,0.0,0.0,0.0
706,unconnected,370.8183184243922,False,1,0,False,0.07557946350347163,,,,,,,,,
707,unconnected,153.83889295430467,False,0,0,False,0.0,,,,,,,,,
708,other,1196.2090947102147,True,4,1,False,0.08077387435362145,0.2,12.288276166069508,1.2578484187732175,0.0,0.0,0.0,0.0,0.0,0.0
709,unconnected,315.7693638135583,False,0,0,False,0.0,,,,,,,,,
710,unconnected,688.2024858747479,False,0,0,False,0.0,,,,,,,,,
711,unconnected,173.40537488155857,False,1,0,False,0.009090995183999372,,,,,,,,,
712,unconnected,362.4036534702094,False,0,0,False,0.0,,,,,,,,,
713,unconnected,146.9121944623227,False,0,0,False,0.0,,,,,,,,,
714,unconnected,485.64523991145336,False,0,0,False,0.0,,,,,,,,,
715,unconnected,475.7243266241443,False,0,0,False,0.0,,,,,,,,,
716,unconnected,367.765193806943,False,1,0,False,0.0010659310970728168,,,,,,,,,
717,unconnected,121.5603166764593,False,1,0,False,0.11630151610853195,,,,,,,,,
